Id;Crea_Maj;Date
0;1;2007-06-15
28;1;2003-07-30
61;1;1999-09-10
73;1;1999-03-01
296;1;2002-06-19
297;1;2003-02-17
302;1;2011-06-15
303;1;2011-05-19
304;1;2011-05-20
307;1;2011-06-23
308;1;2012-04-26
309;1;2014-03-28
311;1;2014-03-31
312;1;2017-06-08
314;1;2003-01-07
317;1;2010-07-12
319;1;2017-02-22
325;1;2011-03-08
416;1;1999-07-28
611;1;1999-08-09
613;1;2017-06-01
615;1;2003-08-20
616;1;2008-04-14
627;1;2008-07-04
649;1;2008-08-20
653;1;2008-08-26
682;1;2008-08-14
683;1;2016-06-09
689;1;2015-03-31
692;1;2012-01-23
749;1;2009-04-21
750;1;2017-10-12
752;1;2009-04-08
756;1;2009-04-17
770;1;2017-10-18
772;1;2017-11-16
775;1;2017-10-13
817;1;2017-11-22
835;1;2017-10-17
850;1;2017-10-20
890;1;2002-12-17
899;1;2007-07-13
900;1;2006-03-02
907;1;2015-03-19
955;1;2005-07-13
957;1;2016-11-30
959;1;2016-11-28
1189;1;2014-03-21
1226;1;2014-03-24
1466;1;2007-11-22
1526;1;2007-12-05
1546;1;2007-12-07
1572;1;2008-12-09
1703;1;2010-01-07
1704;1;2015-01-22
1727;1;2008-03-26
1745;1;2008-03-27
1783;1;2008-03-28
1785;1;2008-03-29
1796;1;2008-04-01
1820;1;2008-04-02
1835;1;2008-04-07
1842;1;2008-04-08
1853;1;2008-04-12
1883;1;2008-04-16
2250;1;2014-07-22
2336;1;2014-07-24
2424;1;2014-07-25
2469;1;2009-09-09
2499;1;2015-08-13
2511;1;2010-11-15
2514;1;2015-12-15
2516;1;2015-12-08
2521;1;2015-12-09
2522;1;2015-12-10
2523;1;2015-12-11
2552;1;2015-05-05
2554;1;2014-03-25
2558;1;2015-05-07
2559;1;2015-05-11
2562;1;2015-11-19
2568;1;2015-08-12
2569;1;2014-10-08
2584;1;2015-11-12
2593;1;2015-08-11
2595;1;2015-08-14
2659;1;2015-09-21
2662;1;2014-09-25
2664;1;2015-09-09
2687;1;2016-05-26
2694;1;2016-06-06
2736;1;2015-03-18
2751;1;2015-06-03
2828;1;2015-11-09
2830;1;2015-11-16
3238;1;2016-05-31
3242;1;2016-05-30
3244;1;2016-11-09
3246;1;2016-11-07
3250;1;2016-11-14
3254;1;2016-11-10
3384;1;2016-04-26
3400;1;2016-06-01
3426;1;2017-02-07
3470;1;2016-05-27
3494;1;2017-02-06
3536;1;2017-11-06
3654;1;2017-11-09
3660;1;2017-01-31
3662;1;2017-01-18
3670;1;2013-10-09
3701;1;2013-11-18
3730;1;2013-10-08
3776;1;2017-08-28
3800;1;2017-08-25
3804;1;2017-08-24
3862;1;2017-08-29
4120;1;2009-05-04
4125;1;2004-09-02
4151;1;2005-07-05
4189;1;2004-09-15
4244;1;2005-03-31
4265;1;2008-12-10
4397;1;2007-01-23
4567;1;2015-06-24
4568;1;2004-12-16
4687;1;2017-06-28
4690;1;2003-12-12
4980;1;2006-09-22
4981;1;2007-10-16
5018;1;2009-04-03
5022;1;2007-07-18
5099;1;2011-02-15
5136;1;2012-05-23
5157;1;2011-12-07
5175;1;2006-01-10
5203;1;2017-10-31
5205;1;2016-09-27
5221;1;2016-10-18
5245;1;2003-12-11
5300;1;2016-10-07
5302;1;2016-10-10
5304;1;2017-09-19
5331;1;2016-05-04
5354;1;2017-09-27
5386;1;2017-09-22
5392;1;2017-09-28
5400;1;2017-09-21
5414;1;2016-10-14
5444;1;2017-09-25
5462;1;2016-02-01
5496;1;2016-02-11
5506;1;2016-02-17
5762;1;2014-04-07
5763;1;2017-06-12
5771;1;2002-05-24
5778;1;2002-03-07
5863;1;2002-05-30
5903;1;2011-11-30
5904;1;2010-02-19
5908;1;2008-02-07
5942;1;2005-10-27
6006;1;2012-03-14
6008;1;2009-03-02
6018;1;2011-02-09
6050;1;2005-12-13
6088;1;2016-04-07
6090;1;2016-04-08
6092;1;2016-04-14
6098;1;2016-04-11
6296;1;2011-04-13
6303;1;2011-03-29
6342;1;2015-11-24
6347;1;2017-09-29
6383;1;2011-03-17
6408;1;2015-05-19
6409;1;2012-10-23
6410;1;2012-10-18
6411;1;2012-10-24
6412;1;2016-09-30
6414;1;2016-10-03
6430;1;2012-10-22
6515;1;2012-11-30
6520;1;2015-05-26
6535;1;2016-09-13
6537;1;2012-01-16
6543;1;2015-03-05
6548;1;2014-11-24
6558;1;2009-04-28
6571;1;2017-03-08
6573;1;2015-01-29
6695;1;2017-11-28
6739;1;2016-07-05
6745;1;2010-05-10
6797;1;2008-12-17
6878;1;2007-11-06
6881;1;2015-10-20
6882;1;2009-05-20
6883;1;2007-09-07
6954;1;2015-11-13
6955;1;2016-02-02
6959;1;2016-02-04
6961;1;2004-12-23
6990;1;2005-01-17
7018;1;2004-07-08
7019;1;2004-07-07
7027;1;2006-06-03
7032;1;2000-09-19
7033;1;2002-03-29
7035;1;2004-07-05
7045;1;2006-05-29
7048;1;2006-05-05
7081;1;2004-12-03
7173;1;2017-02-13
7189;1;2014-11-12
7217;1;2017-04-18
7266;1;2017-04-10
7269;1;2017-03-23
7271;1;2004-11-12
7272;1;2006-04-13
7287;1;2001-02-22
7373;1;2007-03-30
7524;1;2008-11-21
7675;1;2008-12-04
7679;1;2002-03-25
7866;1;2005-11-03
7871;1;2007-06-12
8000;1;2009-10-21
8001;1;2008-12-03
8004;1;2014-01-24
8014;1;2008-08-28
8017;1;2004-07-29
8073;1;2005-01-31
8092;1;2008-12-05
8095;1;2007-01-30
8102;1;2009-01-28
8108;1;2016-05-13
8110;1;2016-05-24
8112;1;2017-11-17
8116;1;2017-06-23
8120;1;2017-05-02
8134;1;2007-12-18
8186;1;2008-11-10
8197;1;1999-05-31
8213;1;1999-07-30
8220;1;2008-05-07
8227;1;2008-05-16
8250;1;2008-05-06
8277;1;2008-05-14
8280;1;2008-05-15
8469;1;2013-03-25
8470;1;2011-06-22
8480;1;2002-09-25
8634;1;2017-05-11
8638;1;2011-01-17
8640;1;2013-10-18
8684;1;2017-05-16
8686;1;2017-12-27
8692;1;2017-12-28
8712;1;2017-12-29
8718;1;2009-11-04
8747;1;2017-11-23
8749;1;2011-03-15
8752;1;2011-03-16
8764;1;2013-01-30
8765;1;2013-01-28
8780;1;2015-06-26
8794;1;2014-10-24
8806;1;2014-11-04
8811;1;2014-10-23
8816;1;2014-11-05
8822;1;2017-01-02
8824;1;2017-01-04
8826;1;2016-12-19
8828;1;2015-06-10
8831;1;2016-12-27
8883;1;2016-12-26
8887;1;2016-12-08
8943;1;2016-12-28
9023;1;2016-12-12
9168;1;2008-01-28
9269;1;2015-03-30
9270;1;2015-08-19
9277;1;2008-06-17
9279;1;2013-08-15
9281;1;2015-06-04
9295;1;2008-01-23
9468;1;2015-08-20
9491;1;2013-08-28
9501;1;2015-06-05
9523;1;2008-06-13
9571;1;2015-08-21
9619;1;2015-08-26
9623;1;2014-12-22
9637;1;2014-12-23
9726;1;2003-07-31
9727;1;2003-08-01
9747;1;2014-12-29
9780;1;2016-08-10
9782;1;2016-10-19
9784;1;2017-11-15
9786;1;2016-07-04
10130;1;2015-05-22
10265;1;2015-04-15
10272;1;2015-04-23
10386;1;2014-09-11
10387;1;2014-09-17
10397;1;2014-09-19
10413;1;2004-11-23
10480;1;2014-08-28
10505;1;2014-08-29
10514;1;2014-10-07
10528;1;2002-06-21
10551;1;2003-01-22
10833;1;2013-12-05
10837;1;2013-05-29
10846;1;1999-08-11
11085;1;2008-09-09
11086;1;2008-09-03
11089;1;2008-09-04
11093;1;2008-09-11
11197;1;2008-09-10
11209;1;2008-09-02
11834;1;2015-07-03
11835;1;2015-07-06
11838;1;2015-07-07
11839;1;2002-06-06
11897;1;2002-01-16
11899;1;2003-04-30
11901;1;2010-02-23
11910;1;2003-05-09
11918;1;2010-09-30
11921;1;2003-04-22
11998;1;2011-02-22
11999;1;2010-09-09
12001;1;2010-09-28
12003;1;2010-09-27
12007;1;2010-08-30
12024;1;2010-01-26
12032;1;2011-02-11
12040;1;2011-06-08
12041;1;2017-10-05
12043;1;2017-10-06
12047;1;2002-10-18
12063;1;2004-10-18
12066;1;2014-05-13
12081;1;2015-11-26
12082;1;2014-09-30
12094;1;2012-05-14
12096;1;2016-06-13
12118;1;2014-04-16
12130;1;2015-09-01
12137;1;2017-10-16
12145;1;2017-08-10
12183;1;2017-08-11
12187;1;2017-08-22
12223;1;2017-04-27
12251;1;2017-05-10
12296;1;2003-04-29
12304;1;2006-03-06
12306;1;2014-11-28
12390;1;2014-11-26
12434;1;2014-11-27
12437;1;2006-09-04
12439;1;2006-09-01
12440;1;2006-09-05
12445;1;2006-09-06
12449;1;2007-01-09
12473;1;2005-08-25
12474;1;2005-08-23
12593;1;2007-08-16
12594;1;2002-11-19
12601;1;2003-06-06
12623;1;2007-06-25
12624;1;2009-07-02
12640;1;2003-04-28
12645;1;2013-12-17
12649;1;2013-12-16
12651;1;2003-07-03
12652;1;2003-07-08
12670;1;2008-10-07
12697;1;2003-07-17
12704;1;2007-07-11
12708;1;2011-10-07
12715;1;2006-11-06
12739;1;2007-03-14
12759;1;2011-10-12
12760;1;2011-03-21
12802;1;2012-08-13
12803;1;2007-09-26
12804;1;2007-09-11
12860;1;2007-09-12
12873;1;2007-09-13
12876;1;2007-09-14
12881;1;2007-09-19
13116;1;2012-08-20
13117;1;2007-02-24
13121;1;2007-02-27
13128;1;2012-09-29
13155;1;2017-03-14
13159;1;2016-01-11
13161;1;2012-11-23
13165;1;2013-03-22
13169;1;2007-12-08
13182;1;2001-11-14
13199;1;2009-06-17
13200;1;2009-08-28
13214;1;2017-12-14
13217;1;2012-07-10
13236;1;2015-11-17
13239;1;2015-11-10
13241;1;2015-11-06
13256;1;2001-12-21
13261;1;2001-11-13
13277;1;2001-07-20
13357;1;2012-02-06
13558;1;2014-04-03
13606;1;2013-04-18
13628;1;2014-04-04
13642;1;2012-04-18
13647;1;2009-03-13
13652;1;2008-06-03
13672;1;2014-09-04
13678;1;2008-11-26
13679;1;2014-09-05
13680;1;2014-09-08
13699;1;2007-08-20
13715;1;2009-08-19
13717;1;2011-10-18
13725;1;2012-08-01
13742;1;2016-02-08
13746;1;2016-06-07
13850;1;2008-04-24
13855;1;2008-04-17
13901;1;2016-04-06
13903;1;2008-02-27
13905;1;2007-10-31
13906;1;2007-11-12
13928;1;2005-07-20
13936;1;2005-07-18
13937;1;2005-05-20
13938;1;2005-04-25
13953;1;2009-10-07
14031;1;2014-10-16
14041;1;2009-03-27
14046;1;2004-07-30
14086;1;2002-11-29
14095;1;1999-12-06
14102;1;2004-11-24
14105;1;2009-02-04
14116;1;2003-12-01
14222;1;2016-02-09
14224;1;2016-04-19
14231;1;2016-03-31
14233;1;2016-01-13
14239;1;2016-03-18
14245;1;2016-03-09
14247;1;2016-01-19
14249;1;2016-02-24
14260;1;2002-12-19
14546;1;2016-04-15
14617;1;2016-01-18
14629;1;2016-01-14
14643;1;2016-01-15
14730;1;2016-01-25
14732;1;2016-01-20
14916;1;2016-01-22
15610;1;2016-01-27
15778;1;2003-01-06
15787;1;2004-03-29
15819;1;2004-04-22
15821;1;2006-03-31
15825;1;2016-08-17
15831;1;2016-09-06
15839;1;2016-08-23
15943;1;2016-11-16
15971;1;2007-11-28
15974;1;2017-12-11
15976;1;2013-08-30
15997;1;2016-08-24
16073;1;2011-01-31
16103;1;2014-08-06
16193;1;2015-06-17
16194;1;2013-07-18
16196;1;2015-08-27
16200;1;2005-12-12
16209;1;2002-06-25
16215;1;2017-09-04
16223;1;2017-06-09
16231;1;2017-05-17
16233;1;2014-08-11
16236;1;2014-08-07
16238;1;2014-08-08
16242;1;2009-09-22
16243;1;2011-04-22
16244;1;2017-09-01
16246;1;2012-02-22
16262;1;2013-04-23
16266;1;2013-10-01
16287;1;2013-10-02
16307;1;2013-10-03
16334;1;2013-10-04
16412;1;2013-10-07
16686;1;2013-10-15
16938;1;2013-04-24
16953;1;2013-04-25
17135;1;2013-04-26
17347;1;2011-01-25
17350;1;2002-03-04
17353;1;2002-02-19
17361;1;2010-09-14
17507;1;2013-03-05
17527;1;2013-03-14
17535;1;2012-05-16
17542;1;2012-03-21
17577;1;2011-04-08
17595;1;2014-01-14
17596;1;2011-05-25
17774;1;2014-01-20
17828;1;2015-01-13
17829;1;2015-01-14
17847;1;2015-01-15
17849;1;2015-01-19
17872;1;2014-02-04
17874;1;2012-12-03
17879;1;2010-10-08
17886;1;2010-10-13
17902;1;2010-10-15
17938;1;2011-06-30
17948;1;2011-10-11
18130;1;2008-05-29
18134;1;2012-07-13
18141;1;2012-07-17
18142;1;2011-11-09
18143;1;2011-10-13
18212;1;2017-02-17
18276;1;2013-09-25
18285;1;2013-08-02
18334;1;2014-09-09
18336;1;2015-02-26
18339;1;2012-01-25
18354;1;2012-02-03
18357;1;2012-02-28
18513;1;2015-11-20
18514;1;2010-11-30
18594;1;2008-06-20
18595;1;2017-08-21
18597;1;2017-08-23
18609;1;2010-06-08
18646;1;2012-01-17
18659;1;2002-03-27
18660;1;2003-01-21
18674;1;2002-12-24
18678;1;2010-10-07
18681;1;2011-12-12
18702;1;2011-12-13
18704;1;2009-01-08
18705;1;2002-05-16
18723;1;2010-05-05
18732;1;2014-04-08
19214;1;2008-01-29
19215;1;2008-07-02
19223;1;2009-02-02
19238;1;2010-02-25
19240;1;2008-01-17
19242;1;2009-08-20
19243;1;2009-05-12
19245;1;2008-01-12
19277;1;2008-01-16
19627;1;2008-06-11
19683;1;2010-12-16
19718;1;2009-01-05
19728;1;2010-12-20
19729;1;2009-06-03
19740;1;2011-06-28
19743;1;2016-12-20
19749;1;2000-09-14
19752;1;2017-06-07
19754;1;2017-07-27
19770;1;2015-04-01
19787;1;2016-04-05
19789;1;2016-05-20
19805;1;2014-02-12
19825;1;2014-02-17
19829;1;2014-03-05
19834;1;2014-03-10
19838;1;2014-03-11
19842;1;2014-03-12
19844;1;2001-01-31
19852;1;2001-08-22
19894;1;2001-11-12
20032;1;2001-08-31
20242;1;2001-09-07
20403;1;2001-09-28
20564;1;2001-09-05
20567;1;2001-10-02
20615;1;2001-10-16
20652;1;2001-10-30
20661;1;2001-12-07
20788;1;2001-12-26
20804;1;2000-12-22
21192;1;2000-11-28
21519;1;2001-02-05
21649;1;2001-06-26
21762;1;2000-12-09
21843;1;2003-11-13
21860;1;2003-11-14
21867;1;2003-11-17
21883;1;2003-11-18
21888;1;2008-12-01
21920;1;2019-09-24
21925;1;2021-01-14
21926;1;2019-04-23
22005;1;2020-12-01
22006;1;2019-11-18
22018;1;2019-03-27
22019;1;2020-07-16
22034;1;2019-11-27
22035;1;2019-07-11
22036;1;2019-12-18
22075;1;2019-12-04
22077;1;2019-12-05
22079;1;2019-11-14
22080;1;2020-07-08
22081;1;2019-05-16
22083;1;2020-08-13
22129;1;2019-08-09
22131;1;2019-09-25
22147;1;2018-01-24
22152;1;2019-06-13
22164;1;2020-11-19
22166;1;2020-05-18
22168;1;2019-07-19
22222;1;2018-05-03
22223;1;2018-04-19
22228;1;2020-01-23
22236;1;2018-01-30
22238;1;2019-05-13
22286;1;2020-05-11
22289;1;2019-07-12
22290;1;2020-09-29
22339;1;2018-05-23
22435;1;2020-02-10
22456;1;2020-12-04
22487;1;2020-09-24
22659;1;2020-12-03
22709;1;2019-06-18
22725;1;2020-08-17
22726;1;2019-09-09
22729;1;2018-03-01
23944;1;2018-01-15
24058;1;2019-07-05
24278;1;2019-08-29
24439;1;2020-03-09
24582;1;2018-12-12
24802;1;2020-09-28
24803;1;2020-02-07
24860;1;2019-02-19
24864;1;2019-12-06
24907;1;2019-03-18
24921;1;2019-10-30
24971;1;2020-01-28
25013;1;2021-02-01
25015;1;2018-05-29
25071;1;2018-06-25
25104;1;2019-04-02
26343;1;2018-02-14
26349;1;2020-11-05
26405;1;2020-01-21
26736;1;2020-01-15
26829;1;2018-02-28
27024;1;2020-01-31
27066;1;2020-05-14
27074;1;2019-11-21
27243;1;2020-01-29
27472;1;2019-10-16
27526;1;2020-12-15
27624;1;2019-05-09
27659;1;2019-02-28
27716;1;2018-05-04
27739;1;2019-08-02
27918;1;2019-03-12
27949;1;2018-05-14
27978;1;2018-05-17
28016;1;2018-04-17
28169;1;2020-03-30
28176;1;2019-12-09
28179;1;2019-08-08
28411;1;2018-10-12
28685;1;2018-04-24
28956;1;2020-05-19
28972;1;2020-09-17
29117;1;2018-05-02
29125;1;2019-07-01
29271;1;2020-11-18
29294;1;2018-04-05
29309;1;2019-10-29
29365;1;2019-07-15
29528;1;2018-01-23
34923;1;2019-12-16
34924;1;2020-04-22
35451;1;2020-05-29
35591;1;2018-10-10
35630;1;2020-11-16
35722;1;2019-01-11
35739;1;2021-02-08
35869;1;2018-05-16
35971;1;2019-11-20
38557;1;2020-01-02
39667;1;2021-01-11
39668;1;2020-12-09
39693;1;2020-10-22
39926;1;2018-05-30
40105;1;2021-01-05
41142;1;2020-02-04
41154;1;2018-07-03
41177;1;2018-04-26
41234;1;2018-10-23
41281;1;2020-01-30
41296;1;2019-03-13
41432;1;2018-06-22
41498;1;2018-10-11
41508;1;2020-11-26
41513;1;2019-11-25
41524;1;2019-04-24
41529;1;2019-10-17
41530;1;2018-06-21
41531;1;2020-08-21
41562;1;2020-11-24
41564;1;2019-07-18
41593;1;2020-12-10
41598;1;2019-04-30
41688;1;2021-01-08
41692;1;2018-03-07
41701;1;2019-10-25
41719;1;2018-01-12
41734;1;2018-01-10
41753;1;2018-03-06
41756;1;2019-10-04
41760;1;2019-02-21
41822;1;2019-04-10
41916;1;2019-12-10
41935;1;2019-12-12
41950;1;2018-01-19
41973;1;2019-09-27
41976;1;2020-10-13
41978;1;2019-11-06
41988;1;2020-06-25
42048;1;2018-06-06
42082;1;2018-06-15
42091;1;2019-03-08
42170;1;2018-06-19
42417;1;2020-09-04
42476;1;2019-12-11
42648;1;2018-05-22
42753;1;2021-01-18
42755;1;2019-05-07
0;2;2007-06-15
5;2;2012-09-19
6;2;2020-09-01
36;2;2020-06-17
61;2;1999-09-14
73;2;1999-04-04
131;2;2001-08-28
170;2;2011-05-23
189;2;1999-08-31
243;2;2019-04-04
255;2;2019-07-18
269;2;2019-07-19
319;2;2018-10-10
416;2;2008-06-02
417;2;2005-07-15
422;2;2009-11-04
423;2;2008-11-20
424;2;2011-05-03
435;2;2019-11-25
436;2;2019-06-12
448;2;2008-06-18
477;2;2009-06-30
499;2;2008-06-04
525;2;2008-06-17
534;2;2007-11-15
556;2;2019-10-11
603;2;2016-11-02
605;2;2008-06-03
611;2;2003-01-20
613;2;2017-06-06
617;2;2019-02-26
631;2;2019-12-27
663;2;2018-04-10
703;2;2020-09-09
747;2;2018-12-28
752;2;2018-04-12
770;2;2018-05-25
774;2;2018-04-19
789;2;2018-04-26
888;2;2017-10-30
890;2;2019-03-08
891;2;2020-10-07
899;2;2020-10-09
920;2;2020-10-14
959;2;2016-11-30
1089;2;2018-03-07
1125;2;2018-04-03
1185;2;2016-12-02
1199;2;2019-05-16
1269;2;2018-03-29
1340;2;2020-06-04
1384;2;2020-06-22
1466;2;2014-10-15
1630;2;2019-09-03
1644;2;2020-03-12
1760;2;2019-10-09
2018;2;2012-09-25
2114;2;2013-07-25
2128;2;2017-03-16
2469;2;2014-05-21
2470;2;2011-04-01
2481;2;2018-06-25
2498;2;2016-06-06
2554;2;2015-03-18
2593;2;2016-05-26
2595;2;2019-03-18
2628;2;2015-03-19
2637;2;2018-05-03
2687;2;2019-08-06
2759;2;2019-03-13
2883;2;2019-09-02
3480;2;2016-11-09
3522;2;2017-11-09
3654;2;2018-04-11
3804;2;2017-08-25
4126;2;2005-02-09
4127;2;2018-06-04
4128;2;2009-05-07
4130;2;2009-02-09
4134;2;2018-06-05
4151;2;2019-11-29
4154;2;2005-07-05
4193;2;2005-11-03
4197;2;2018-05-30
4245;2;2019-09-23
4246;2;2005-03-31
4260;2;2018-06-06
4504;2;2008-12-10
4539;2;2011-12-22
4567;2;2017-06-26
5007;2;2018-01-18
5022;2;2016-09-15
5203;2;2019-04-24
5251;2;2018-05-04
5252;2;2019-04-29
5300;2;2018-06-08
5430;2;2017-09-21
5462;2;2019-05-14
5512;2;2016-10-24
5520;2;2019-04-11
5778;2;2002-03-08
5904;2;2018-06-21
6006;2;2017-08-28
6013;2;2019-12-10
6184;2;2016-04-08
6294;2;2016-04-14
6365;2;2018-01-30
6407;2;2018-06-12
6412;2;2018-06-11
6537;2;2020-06-19
6542;2;2019-12-09
6548;2;2018-06-07
6697;2;2017-11-29
6882;2;2020-07-29
6961;2;2020-07-27
6962;2;2020-07-28
7078;2;2006-06-06
7083;2;2006-05-29
7087;2;2018-06-15
7089;2;2017-02-28
7217;2;2019-11-21
7269;2;2017-03-27
7287;2;2001-02-27
7304;2;2012-05-02
7357;2;2020-09-08
7397;2;2019-10-03
7424;2;2007-10-08
7487;2;2019-09-27
7599;2;2007-11-19
7630;2;2019-10-02
8000;2;2012-06-19
8001;2;2009-10-21
8008;2;2019-08-01
8065;2;2019-07-22
8074;2;2019-12-04
8076;2;2020-10-13
8078;2;2020-09-29
8082;2;2020-07-03
8084;2;2020-08-04
8114;2;2019-06-03
8120;2;2017-09-14
8124;2;2017-11-16
8212;2;2014-01-03
8225;2;2008-09-02
8266;2;2008-08-13
8354;2;2010-02-26
8469;2;2013-03-25
8487;2;2019-07-08
8534;2;2006-01-10
8686;2;2018-01-10
8747;2;2017-12-07
8749;2;2012-10-12
8897;2;2017-01-04
9124;2;2016-12-21
9168;2;2015-03-30
9213;2;2019-02-15
9279;2;2015-06-05
9299;2;2008-01-29
9478;2;2015-08-19
9486;2;2015-06-04
9636;2;2014-12-22
9638;2;2014-12-23
9750;2;2014-12-29
9769;2;2015-01-07
9780;2;2019-10-25
9782;2;2020-03-26
9786;2;2019-10-22
9790;2;2019-10-29
9792;2;2020-07-15
9808;2;2020-10-16
9844;2;2019-11-06
9876;2;2020-11-26
9878;2;2020-11-25
9880;2;2020-07-06
9882;2;2019-12-13
9886;2;2019-11-19
9890;2;2019-10-30
9898;2;2021-01-11
9930;2;2020-03-24
9942;2;2019-10-31
9984;2;2019-07-11
10046;2;2019-11-04
10114;2;2020-03-23
10128;2;2019-10-01
10184;2;2019-04-23
10413;2;2004-11-24
10452;2;2007-02-05
10467;2;2012-01-11
10500;2;2019-09-11
10711;2;2011-03-30
10849;2;1999-12-16
10851;2;2003-02-04
10859;2;2007-09-18
10864;2;2011-05-09
10936;2;2015-03-31
10989;2;2007-12-21
11046;2;2012-05-25
11839;2;2019-02-21
11912;2;2010-02-18
12028;2;2011-02-22
12035;2;2011-02-15
12041;2;2020-12-18
12051;2;2011-01-26
12081;2;2020-10-20
12082;2;2020-06-08
12131;2;2018-02-28
12223;2;2017-04-28
12437;2;2006-09-12
12450;2;2007-01-17
12500;2;2006-09-27
12527;2;2005-08-23
12545;2;2013-04-03
12550;2;2006-09-05
12697;2;2007-07-09
12715;2;2009-04-24
12716;2;2009-04-27
12911;2;2012-07-27
13021;2;2020-08-27
13117;2;2020-08-26
13161;2;2020-05-11
13164;2;2015-04-09
13169;2;2020-06-18
13182;2;2003-07-30
13230;2;2019-12-03
13236;2;2015-11-19
13241;2;2015-11-09
13247;2;2015-11-17
13259;2;2009-02-21
13275;2;2009-02-23
13486;2;2019-12-02
13673;2;2014-09-04
13678;2;2008-11-28
13700;2;2007-09-14
13715;2;2019-04-10
13725;2;2012-08-17
13727;2;2012-08-21
13935;2;2019-11-20
14732;2;2016-01-21
15787;2;2012-10-04
15825;2;2016-08-24
15839;2;2016-09-01
15943;2;2019-12-23
15961;2;2020-03-27
15974;2;2018-01-25
15997;2;2016-11-08
16065;2;2017-11-10
16114;2;2014-08-26
16225;2;2017-06-14
16242;2;2020-04-17
16244;2;2019-09-06
16247;2;2013-01-16
17347;2;2012-02-01
17535;2;2012-06-12
17596;2;2012-04-26
17605;2;2020-04-15
17743;2;2020-11-06
17877;2;2017-02-27
17881;2;2012-02-14
18131;2;2019-02-05
18142;2;2020-06-29
18220;2;2017-02-23
18285;2;2018-02-02
18286;2;2013-08-05
18293;2;2018-02-12
18294;2;2013-08-20
18304;2;2020-01-30
18332;2;2018-02-13
18336;2;2021-01-20
18338;2;2020-02-13
18357;2;2015-11-23
18609;2;2019-09-24
18659;2;2002-04-30
18666;2;2003-01-22
18680;2;2012-04-30
18681;2;2012-02-03
18718;2;2002-09-25
19240;2;2020-11-16
19242;2;2009-08-31
19243;2;2019-10-07
19245;2;2019-03-28
19246;2;2019-04-02
19344;2;2019-12-06
19490;2;2019-10-08
19622;2;2018-03-30
19647;2;2020-04-20
19669;2;2019-09-30
19684;2;2019-04-09
19687;2;2019-03-29
19718;2;2019-04-03
19734;2;2020-04-07
19743;2;2018-06-29
19770;2;2018-06-18
19805;2;2019-02-12
19853;2;2001-12-21
19855;2;2001-11-07
19857;2;2001-10-26
19874;2;2001-10-30
19877;2;2006-10-11
19888;2;2007-09-24
19890;2;2010-05-10
19895;2;2012-01-17
19905;2;2020-01-10
20060;2;2002-01-08
20104;2;2012-09-13
20247;2;2001-12-14
20281;2;2015-02-26
20282;2;2014-05-05
20312;2;2007-06-25
20474;2;2020-01-22
20489;2;2020-01-02
20503;2;2001-11-09
20507;2;2020-01-03
20567;2;2013-01-30
20710;2;2019-09-04
20791;2;2020-06-16
20836;2;2001-02-07
20901;2;2012-01-20
20957;2;2013-01-29
21020;2;2012-09-12
21043;2;2016-01-05
21050;2;2006-10-13
21073;2;2012-08-27
21170;2;2019-02-22
21173;2;2015-04-01
21192;2;2001-02-02
21323;2;2012-04-12
21482;2;2011-05-27
21520;2;2018-05-29
21564;2;2019-09-10
21665;2;2019-02-25
21669;2;2019-07-30
21779;2;2013-01-07
21843;2;2003-11-13
21860;2;2003-11-14
21867;2;2003-11-17
21883;2;2003-11-18
21886;2;2020-12-10
21888;2;2010-10-13
21894;2;1989-04-18
21896;2;2019-01-30
21899;2;1995-09-14
21900;2;2010-09-17
21902;2;2019-05-23
21911;2;2000-09-26
21921;2;1995-09-15
21924;2;2010-10-27
21925;2;2021-01-27
21928;2;2006-07-12
21929;2;2003-04-29
22004;2;2002-06-05
22005;2;2020-12-01
22006;2;2019-11-18
22018;2;2019-03-27
22019;2;2020-08-21
22035;2;2019-12-12
22036;2;2019-12-20
22079;2;2020-05-18
22080;2;2020-07-13
22083;2;2020-08-31
22093;2;1995-09-12
22097;2;2020-09-15
22106;2;1995-09-04
22111;2;2002-07-09
22112;2;2014-04-08
22114;2;2014-04-10
22129;2;2020-11-05
22131;2;2019-09-25
22139;2;2012-08-01
22152;2;2019-06-13
22164;2;2021-01-07
22166;2;2020-05-19
22168;2;2020-12-17
22169;2;2020-12-08
22171;2;2020-08-10
22228;2;2020-01-28
22289;2;2019-07-12
22291;2;2020-01-23
22435;2;2020-09-17
22436;2;2019-03-07
22444;2;2011-11-08
22456;2;2020-12-04
22487;2;2020-09-24
22507;2;2011-01-25
22659;2;2020-12-15
22682;2;1989-09-22
22687;2;1991-03-08
22692;2;2020-12-03
22704;2;2004-06-25
22709;2;2019-06-18
22721;2;2010-04-20
22725;2;2020-08-17
22739;2;2020-10-12
22777;2;1989-08-31
23934;2;1992-02-13
23935;2;1992-02-06
23942;2;2007-05-24
23955;2;1990-08-27
23964;2;1989-02-17
23994;2;2003-05-09
23997;2;2019-12-05
24058;2;2019-07-05
24059;2;2020-01-29
24065;2;2020-09-25
24100;2;2019-06-24
24228;2;2020-04-03
24241;2;2011-06-14
24277;2;2020-07-30
24301;2;2008-03-26
24321;2;2015-09-14
24342;2;2019-06-04
24350;2;2015-05-04
24424;2;2017-08-16
24443;2;2020-08-13
24532;2;2020-06-12
24536;2;2020-10-15
24586;2;1989-08-03
24646;2;2012-10-24
24713;2;2021-01-14
24758;2;2020-06-11
24790;2;2020-08-24
24802;2;2020-09-28
24803;2;2020-02-07
24851;2;2003-04-22
24860;2;2019-02-19
24864;2;2020-06-30
24905;2;2019-05-22
24918;2;1991-03-05
24925;2;2011-06-23
24930;2;1999-06-23
24973;2;1989-09-12
25010;2;2021-01-04
25013;2;2021-02-01
25015;2;2019-11-22
25204;2;1989-12-19
26265;2;2019-07-17
26349;2;2020-11-10
26549;2;2007-03-02
26726;2;2007-09-10
26736;2;2020-01-15
26819;2;2019-05-13
27004;2;2020-02-19
27025;2;2007-07-05
27033;2;2020-10-02
27066;2;2020-05-14
27144;2;2013-08-19
27194;2;2007-08-23
27242;2;1989-03-01
27287;2;2007-06-19
27355;2;2021-01-25
27472;2;2019-10-16
27554;2;2012-06-26
27624;2;2020-11-13
27659;2;2019-02-28
27686;2;2019-05-27
27739;2;2019-08-02
27913;2;1991-03-06
27974;2;2018-05-28
28179;2;2019-08-09
28447;2;2016-02-24
28467;2;2016-02-25
28606;2;2019-07-09
28684;2;1992-02-21
28685;2;2018-05-22
28697;2;1989-10-03
28824;2;2019-05-15
28965;2;2020-10-27
28972;2;2020-10-06
29125;2;2019-07-02
29207;2;2015-09-15
29271;2;2020-11-19
29285;2;2020-11-03
29309;2;2019-11-05
29320;2;2020-10-08
29327;2;2011-06-15
29548;2;2011-04-14
29587;2;1989-10-16
29593;2;1989-07-31
30046;2;1991-12-17
30060;2;1990-03-20
30299;2;1991-02-11
30444;2;1990-03-19
30757;2;2013-03-24
31252;2;2014-03-28
31410;2;1992-01-31
32846;2;1992-03-05
34562;2;2013-07-24
34924;2;2020-04-23
35141;2;1990-04-04
35271;2;2013-07-26
35385;2;2020-01-09
35451;2;2020-06-03
35591;2;2019-08-05
35739;2;2021-02-08
35749;2;2019-09-12
36069;2;2008-12-11
36211;2;2019-01-22
36260;2;2012-03-20
36789;2;2019-07-31
36848;2;1997-07-10
37024;2;1997-05-02
37274;2;2001-08-30
37495;2;2002-12-16
37527;2;2011-02-04
37897;2;2020-06-25
38075;2;2011-02-07
39667;2;2021-01-28
39693;2;2020-11-02
39728;2;2007-10-11
39731;2;1994-02-24
40070;2;2020-09-10
40105;2;2021-01-15
40409;2;2020-12-12
40414;2;2020-12-16
40421;2;2020-12-24
40429;2;2020-12-14
40800;2;1989-12-29
40872;2;2007-05-25
41097;2;2020-11-12
41142;2;2020-02-04
41154;2;2018-10-23
41164;2;2018-05-16
41430;2;2020-11-04
41526;2;2019-11-26
41529;2;2019-10-17
41562;2;2020-12-02
41585;2;2018-06-22
41756;2;2019-10-04
41922;2;2021-01-29
41945;2;2020-09-02
41981;2;2019-04-30
41999;2;2020-03-10
42327;2;2018-03-28
42386;2;2019-10-18
42394;2;2020-02-10
42417;2;2020-09-04
42726;2;2018-04-18
42755;2;2019-05-07
42812;2;2018-05-23
